INSERT INTO `application_language` (`locale`, `enabledForAdmin`, `enabledForPublic`) VALUES
('en', 1, 0),
('fr', 1, 0);

INSERT INTO `application_config`(`id`, `alreadyInstall`, `default_admin_locale`, `default_public_locale`, `forcedLangInUrl`, `siteName`, `url`, `seoDescription`,  `maintenance`, `useMember`, `errorBlock403`, `errorBlock404`, `errorBlock503`, `errorBlockGeneral` )
VALUES (2, 0, 'en', 'en', 0, '', '', '', 0, 1, 'error', 'error', 'error', 'error');

INSERT INTO `message` (`id`, `domain`, `messageKey`) VALUES
(1, 'admin', 'admin.dropFilesHere'),
(2, 'admin', 'admin.handCrafted'),
(3, 'admin', 'admin.madeWithLove'),
(4, 'admin', 'block'),
(5, 'admin', 'admin.blockEdit'),
(6, 'admin', 'admin.blocksManagement'),
(7, 'admin', 'admin.newBlock'),
(8, 'admin', 'admin.newPage'),
(9, 'admin', 'admin.pages'),
(10, 'admin', 'admin.pagesManagement'),
(11, 'admin', 'admin.pagesList'),
(12, 'admin', 'admin.pageDeleteMessage'),
(13, 'admin', 'admin.pageEdit'),
(14, 'admin', 'admin.pageParam'),
(15, 'admin', 'admin.pageTemplate'),
(16, 'admin', 'admin.pageTitle'),
(17, 'admin', 'admin.rootPage'),
(18, 'admin', 'admin.tree'),
(19, 'error', 'error.general'),
(20, 'error', 'error.notFound'),
(21, 'error', 'error.auth.userNotFound'),
(22, 'error', 'error.auth.userExist'),
(23, 'error', 'error.auth.invalidOldPassword'),
(24, 'error', 'error.mail.config'),
(25, 'error', 'error.auth.disabled'),
(26, 'error', 'error.auth.expired'),
(27, 'error', 'error.auth.invalidUser'),
(28, 'error', 'error.auth.invalidToken'),
(29, 'error', 'error.auth.ipBlocked'),
(30, 'general', 'success.general'),
(31, 'general', 'active'),
(32, 'general', 'administration'),
(33, 'general', 'add'),
(34, 'general', 'allRightsReserved'),
(35, 'general', 'cacheable'),
(36, 'general', 'cancel'),
(37, 'general', 'confirm'),
(38, 'general', 'content'),
(39, 'general', 'delete'),
(40, 'general', 'description'),
(41, 'general', 'dynamic'),
(42, 'general', 'edit'),
(43, 'general', 'enabled'),
(44, 'general', 'fieldset'),
(45, 'general', 'file'),
(46, 'general', 'general'),
(47, 'general', 'level'),
(48, 'general', 'link'),
(49, 'general', 'loading'),
(50, 'general', 'login'),
(51, 'general', 'logout'),
(52, 'general', 'main'),
(53, 'general', 'menu'),
(54, 'general', 'name'),
(55, 'general', 'navigation'),
(56, 'general', 'no'),
(57, 'general', 'operation'),
(58, 'general', 'page'),
(59, 'general', 'results'),
(60, 'general', 'save'),
(61, 'general', 'settings'),
(62, 'general', 'parameters'),
(63, 'general', 'size'),
(64, 'general', 'static'),
(65, 'general', 'template'),
(66, 'general', 'warning'),
(67, 'general', 'yes'),
(68, 'error', 'error.auth.badCredentials'),
(69, 'general', 'remember me'),
(70, 'general', 'please wait'),
(71, 'general', 'username'),
(72, 'general', 'password'),
(73, 'general', 'user'),
(74, 'general', 'firstname'),
(75, 'general', 'street'),
(76, 'general', 'search'),
(77, 'general', 'contact'),
(78, 'general', 'online'),
(79, 'general', 'offline'),
(80, 'general', 'policy'),
(81, 'general', 'news'),
(82, 'general', 'phone'),
(83, 'general', 'first'),
(84, 'general', 'last'),
(85, 'general', 'new'),
(86, 'general', 'company'),
(87, 'general', 'previous'),
(88, 'general', 'next'),
(89, 'general', 'download'),
(90, 'general', 'upload'),
(91, 'general', 'sign in'),
(92, 'general', 'register'),
(93, 'general', 'send'),
(94, 'general', 'resetPassword'),
(95, 'general', 'preference'),
(96, 'general', 'help'),
(97, 'general', 'birthday'),
(98, 'general', 'nationality'),
(99, 'general', 'country'),
(100, 'general', 'zip'),
(101, 'general', 'state'),
(102, 'general', 'myAccount'),
(103, 'admin', 'admin.userManagement'),
(104, 'admin', 'admin.templatesManagement'),
(105, 'admin', 'admin.fieldManagement'),
(106, 'general', 'forgotPassword'),
(107, 'admin', 'admin.article.management'),
(108, 'admin', 'admin.news.management'),
(109, 'admin', 'admin.event.management'),
(110, 'general', 'gallery'),
(111, 'general', 'group'),
(112, 'general', 'type'),
(113, 'general', 'server information'),
(114, 'general', 'title'),
(115, 'general', 'language'),
(116, 'general', 'date begin'),
(117, 'general', 'date end'),
(118, 'admin', 'admin.fieldsetManagement'),
(119, 'admin', 'admin.memberOnly'),
(120, 'admin', 'admin.resource.management'),
(121, 'general', 'create user'),
(122, 'general', 'email'),
(123, 'general', 'locked'),
(124, 'general', 'role'),
(125, 'admin', 'edit user'),
(126, 'general', 'organisation'),
(127, 'general', 'gender'),
(128, 'general', 'city'),
(129, 'general', 'password verification'),
(130, 'admin', 'admin.groupManagement'),
(131, 'admin', 'new template'),
(132, 'admin', 'admin.editFielset'),
(133, 'general', 'submit'),
(134, 'general', 'percentage'),
(135, 'general', 'used space'),
(136, 'general', 'themes'),
(137, 'general', 'all'),
(138, 'general', 'tags'),
(139, 'general', 'private'),
(140, 'general', 'error.404'),
(141, 'general', 'oops'),
(142, 'general', 'logged as'),
(143, 'general', 'resource'),
(144, 'general', 'add a resource'),
(145, 'admin', 'admin.metrics'),
(146, 'general', 'login failed'),
(147, 'general', 'you have been logged out'),
(148, 'general', 'please login to your account'),
(149, 'general', 'thumbnail'),
(150, 'admin', 'admin.ipBlocked.warning'),
(151, 'general', 'error.maintenance.message'),
(152, 'general', 'error.maintenance.title'),
(153, 'general', 'error.validation.message'),
(154, 'general', 'error.thumbnail.generation.message'),
(155, 'general', 'file manager'),
(156, 'general', 'create group'),
(157, 'general', 'edit group'),
(158, 'admin', 'file tab'),
(159, 'admin', 'gallery tab'),
(160, 'general', 'top'),
(161, 'general', 'bottom'),
(162, 'general', 'left'),
(163, 'general', 'right'),
(164, 'general', 'sign in to your account'),
(165, 'general', 'include'),
(166, 'general', 'your session has expired, please login again'),
(167, 'general', 'session expiration'),
(168, 'general', 'session.will.expire'),
(169, 'general', 'stay connected'),
(170, 'general', 'system'),
(171, 'general', 'AbstractAccessDecisionManager.accessDenied'),
(172, 'general', 'access denied'),
(173, 'general', 'accessDenied.message'),
(174, 'general', 'admin.editSuperAdmin.message'),
(175, 'general', 'back'),
(176, 'general', 'admin.block.intro'),
(177, 'general', 'male'),
(178, 'general', 'female'),
(179, 'general', 'miscellaneous'),
(180, 'general', 'security'),
(181, 'general', 'address'),
(182, 'general', 'comment'),
(183, 'general', 'login page'),
(184, 'general', 'an error occured'),
(185, 'general', 'unallowed file type'),
(186, 'general', 'empty file');

INSERT INTO `translation` (`id`, `value`, `language_locale`, `message_id`) VALUES
(1, 'déposez vos fichiers ici', 'fr', 1),
(2, 'drop files here', 'en', 1),
(3, 'à la main', 'fr', 2),
(4, 'hand-crafted', 'en', 2),
(5, 'conçu avec amour', 'fr', 3),
(6, 'made with love', 'en', 3),
(7, 'blocs', 'fr', 4),
(8, 'blocks', 'en', 4),
(9, 'éditer un bloc', 'fr', 5),
(10, 'edit block', 'en', 5),
(11, 'gestion des blocs', 'fr', 6),
(12, 'block manager', 'en', 6),
(13, 'nouveau bloc', 'fr', 7),
(14, 'new block', 'en', 7),
(15, 'nouvelle page', 'fr', 8),
(16, 'new page', 'en', 8),
(17, 'pages', 'fr', 9),
(18, 'pages', 'en', 9),
(19, 'gestion des pages', 'fr', 10),
(20, 'page manager', 'en', 10),
(21, 'liste des pages', 'fr', 11),
(22, 'pages list', 'en', 11),
(23, 'cette page va être supprimée', 'fr', 12),
(24, 'this page will be deleted', 'en', 12),
(25, 'éditer une page', 'fr', 13),
(26, 'edit a page', 'en', 13),
(27, 'paramètres de la page', 'fr', 14),
(28, 'page parameters', 'en', 14),
(29, 'modèle de page', 'fr', 15),
(30, 'page template', 'en', 15),
(31, 'titre de la page', 'fr', 16),
(32, 'page title', 'en', 16),
(33, 'page racine', 'fr', 17),
(34, 'root page', 'en', 17),
(35, 'arborescence', 'fr', 18),
(36, 'tree', 'en', 18),
(37, 'Une erreur s''est produite, veuillez réessayer plus tard.', 'fr', 19),
(38, 'Something went wrong. Please try again later.', 'en', 19),
(39, 'Nous sommes désolés, la page que vous cherchez n''existe pas!', 'fr', 20),
(40, 'Looks like the page you were looking for doesn''t exist. Sorry about that.', 'en', 20),
(41, 'Utilisateur non trouvé.', 'fr', 21),
(42, 'User not Found.', 'en', 21),
(43, 'Un compte pour ce nom d''utilisateur / email existe déjà. Indiquez un nom d''utilisateur différent.', 'fr', 22),
(44, 'An account for that username/email already exists. Please enter a different username.', 'en', 22),
(45, 'L''ancien mot de passe est incorrect.', 'fr', 23),
(46, 'Invalid Old Password.', 'en', 23),
(47, 'Erreur dans la configuration de JavaMail.', 'fr', 24),
(48, 'Error in java mail configuration.', 'en', 24),
(49, 'Votre compte est désactivé, merci de vérifier votre courrier et cliquer sur le lien de confirmation.', 'fr', 25),
(50, 'Your account is disabled please check your mail and click on the confirmation link.', 'en', 25),
(51, 'Votre jeton d''inscription a expiré. Merci de vous réinscrire.', 'fr', 26),
(52, 'Your registration token has expired. Please register again.', 'en', 26),
(53, 'Ce nom d''utilisateur est valide, ou n''existe pas.', 'fr', 27),
(54, 'This username is invalid, or does not exist.', 'en', 27),
(55, 'Jeton de confirmation invalide.', 'fr', 28),
(56, 'Invalid account confirmation token.', 'en', 28),
(57, 'Cette adresse IP a été bloquée pour 24 heures.', 'fr', 29),
(58, 'This IP was blocked for 24 hours.', 'en', 29),
(59, 'opération réussie', 'fr', 30),
(60, 'operation performed successfully', 'en', 30),
(61, 'actif', 'fr', 31),
(62, 'active', 'en', 31),
(63, 'administration', 'fr', 32),
(64, 'administration', 'en', 32),
(65, 'ajouter', 'fr', 33),
(66, 'add', 'en', 33),
(67, 'tous droits réservés', 'fr', 34),
(68, 'all rights reserved', 'en', 34),
(69, 'en cache', 'fr', 35),
(70, 'cacheable', 'en', 35),
(71, 'annuler', 'fr', 36),
(72, 'cancel', 'en', 36),
(73, 'confirmer', 'fr', 37),
(74, 'confirm', 'en', 37),
(75, 'contenu', 'fr', 38),
(76, 'content', 'en', 38),
(77, 'supprimer', 'fr', 39),
(78, 'delete', 'en', 39),
(79, 'description', 'fr', 40),
(80, 'description', 'en', 40),
(81, 'dynamique', 'fr', 41),
(82, 'dynamic', 'en', 41),
(83, 'éditer', 'fr', 42),
(84, 'edit', 'en', 42),
(85, 'activé', 'fr', 43),
(86, 'enabled', 'en', 43),
(87, 'groupe de champs', 'fr', 44),
(88, 'fieldset', 'en', 44),
(89, 'fichier', 'fr', 45),
(90, 'file', 'en', 45),
(91, 'général', 'fr', 46),
(92, 'general', 'en', 46),
(93, 'niveau', 'fr', 47),
(94, 'level', 'en', 47),
(95, 'lien', 'fr', 48),
(96, 'link', 'en', 48),
(97, 'chargement', 'fr', 49),
(98, 'loading', 'en', 49),
(99, 'connexion', 'fr', 50),
(100, 'login', 'en', 50),
(101, 'déconnexion', 'fr', 51),
(102, 'logout', 'en', 51),
(103, 'principal', 'fr', 52),
(104, 'main', 'en', 52),
(105, 'menu', 'fr', 53),
(106, 'menu', 'en', 53),
(107, 'nom', 'fr', 54),
(108, 'name', 'en', 54),
(109, 'navigation', 'fr', 55),
(110, 'navigation', 'en', 55),
(111, 'non', 'fr', 56),
(112, 'no', 'en', 56),
(113, 'opération', 'fr', 57),
(114, 'operation', 'en', 57),
(115, 'page', 'fr', 58),
(116, 'page', 'en', 58),
(117, 'résultat(s)', 'fr', 59),
(118, 'result(s)', 'en', 59),
(119, 'enregistrer', 'fr', 60),
(120, 'save', 'en', 60),
(121, 'options', 'fr', 61),
(122, 'settings', 'en', 61),
(123, 'paramètres', 'fr', 62),
(124, 'parameters', 'en', 62),
(125, 'taille', 'fr', 63),
(126, 'size', 'en', 63),
(127, 'statique', 'fr', 64),
(128, 'static', 'en', 64),
(129, 'modèle', 'fr', 65),
(130, 'template', 'en', 65),
(131, 'attention', 'fr', 66),
(132, 'warning', 'en', 66),
(133, 'oui', 'fr', 67),
(134, 'yes', 'en', 67),
(135, 'nom d''utilisateur ou mot de passe incorrect', 'fr', 68),
(136, 'bad credentials', 'en', 68),
(137, 'se souvenir de moi', 'fr', 69),
(138, 'remember me ', 'en', 69),
(139, 'veuillez patienter', 'fr', 70),
(140, 'please wait', 'en', 70),
(141, 'nom d''utilisateur', 'fr', 71),
(142, 'username', 'en', 71),
(143, 'mot de passe', 'fr', 72),
(144, 'password', 'en', 72),
(145, 'utilisateur', 'fr', 73),
(146, 'user', 'en', 73),
(147, 'prénom', 'fr', 74),
(148, 'firstname', 'en', 74),
(149, 'rue', 'fr', 75),
(150, 'street', 'en', 75),
(151, 'recherche', 'fr', 76),
(152, 'search', 'en', 76),
(153, 'contact', 'fr', 77),
(154, 'contact', 'en', 77),
(155, 'en ligne', 'fr', 78),
(156, 'online', 'en', 78),
(157, 'hors ligne', 'fr', 79),
(158, 'offline', 'en', 79),
(159, 'politique', 'fr', 80),
(160, 'policy', 'en', 80),
(161, 'actualités', 'fr', 81),
(162, 'news', 'en', 81),
(163, 'téléphone', 'fr', 82),
(164, 'phone', 'en', 82),
(165, 'premier', 'fr', 83),
(166, 'first', 'en', 83),
(167, 'dernier', 'fr', 84),
(168, 'last', 'en', 84),
(169, 'nouveau', 'fr', 85),
(170, 'new', 'en', 85),
(171, 'entreprise', 'fr', 86),
(172, 'company', 'en', 86),
(173, 'précédent', 'fr', 87),
(174, 'previous', 'en', 87),
(175, 'suivant', 'fr', 88),
(176, 'next', 'en', 88),
(177, 'télécharger', 'fr', 89),
(178, 'download', 'en', 89),
(179, 'télécharger vers le serveur', 'fr', 90),
(180, 'upload', 'en', 90),
(181, 'se connecter', 'fr', 91),
(182, 'sign in', 'en', 91),
(183, 's''enregistrer', 'fr', 92),
(184, 'register', 'en', 92),
(185, 'envoyer', 'fr', 93),
(186, 'send', 'en', 93),
(187, 'réinitialiser le mot de passe', 'fr', 94),
(188, 'reset password', 'en', 94),
(189, 'préférence', 'fr', 95),
(190, 'preference', 'en', 95),
(191, 'aide', 'fr', 96),
(192, 'help', 'en', 96),
(193, 'anniversaire', 'fr', 97),
(194, 'birthday', 'en', 97),
(195, 'nationalité', 'fr', 98),
(196, 'nationality', 'en', 98),
(197, 'pays', 'fr', 99),
(198, 'country', 'en', 99),
(199, 'code postal', 'fr', 100),
(200, 'zip', 'en', 100),
(201, 'province', 'fr', 101),
(202, 'state', 'en', 101),
(203, 'mon compte', 'fr', 102),
(204, 'my account', 'en', 102),
(205, 'gestion des utilisateurs', 'fr', 103),
(206, 'user management', 'en', 103),
(207, 'gestion des modèles', 'fr', 104),
(208, 'template management', 'en', 104),
(209, 'gestion des champs', 'fr', 105),
(210, 'field Management', 'en', 105),
(211, 'Mot de passe oublié?', 'fr', 106),
(212, 'Forgot your password?', 'en', 106),
(213, 'article Management', 'fr', 107),
(214, 'gestion des articles', 'en', 107),
(215, 'news management', 'fr', 108),
(216, 'gestion des actualités', 'en', 108),
(217, 'event management', 'fr', 109),
(218, 'gestion des événements', 'en', 109),
(219, 'gallerie', 'fr', 110),
(220, 'gallery', 'en', 110),
(221, 'groupe', 'fr', 111),
(222, 'group', 'en', 111),
(223, 'type', 'fr', 112),
(224, 'type', 'en', 112),
(225, 'information du serveur', 'fr', 113),
(226, 'server information', 'en', 113),
(227, 'titre', 'fr', 114),
(228, 'title', 'en', 114),
(229, 'langue', 'fr', 115),
(230, 'language', 'en', 115),
(231, 'date de début', 'fr', 116),
(232, 'date begin', 'en', 116),
(233, 'date de fin', 'fr', 117),
(234, 'date end', 'en', 117),
(235, 'gestion des fieldset', 'fr', 118),
(236, 'fieldset management', 'en', 118),
(237, 'uniquement pour les membres', 'fr', 119),
(238, 'member only', 'en', 119),
(239, 'gestion des ressources', 'fr', 120),
(240, 'resource management', 'en', 120),
(241, 'créer un utilisateur', 'fr', 121),
(242, 'create user', 'en', 121),
(243, 'email', 'fr', 122),
(244, 'email', 'en', 122),
(245, 'verrouillé', 'fr', 123),
(246, 'locked', 'en', 123),
(247, 'rôle', 'fr', 124),
(248, 'role', 'en', 124),
(249, 'éditer un utilisateur', 'fr', 125),
(250, 'edit user', 'en', 125),
(251, 'organisation', 'fr', 126),
(252, 'organisation', 'en', 126),
(253, 'sexe', 'fr', 127),
(254, 'gender', 'en', 127),
(255, 'ville', 'fr', 128),
(256, 'city', 'en', 128),
(257, 'vérification du mot de passe', 'fr', 129),
(258, 'password verification', 'en', 129),
(259, 'gestion des groupes', 'fr', 130),
(260, 'groups management', 'en', 130),
(261, 'nouveau template', 'fr', 131),
(262, 'new template', 'en', 131),
(263, 'édition d''un champ de formulaire', 'fr', 132),
(264, 'edit a fieldset', 'en', 132),
(265, 'soumettre', 'fr', 133),
(266, 'submit', 'en', 133),
(267, 'pourcentage', 'fr', 134),
(268, 'percentage', 'en', 134),
(269, 'espace utilisé', 'fr', 135),
(270, 'used space', 'en', 135),
(272, 'thèmes', 'fr', 136),
(273, 'themes', 'en', 136),
(274, 'tout', 'fr', 137),
(275, 'all', 'en', 137),
(276, 'étiquettes', 'fr', 138),
(277, 'tags', 'en', 138),
(278, 'privé', 'fr', 139),
(279, 'private', 'en', 139),
(280, 'erreur 404', 'fr', 140),
(281, '404 error', 'en', 140),
(282, 'oups', 'fr', 141),
(283, 'oops', 'en', 141),
(284, 'connecté en tant que', 'fr', 142),
(285, 'logged as', 'en', 142),
(286, 'ressource', 'fr', 143),
(287, 'resource', 'en', 143),
(288, 'ajouter une ressource', 'fr', 144),
(289, 'add a resource', 'en', 144),
(290, 'métrique', 'fr', 145),
(291, 'metrics', 'en', 145),
(292, 'echec de connexion', 'fr', 146),
(293, 'login failed', 'en', 146),
(294, 'vous êtes déconnecté', 'fr', 147),
(295, 'you have been logged out', 'en', 147),
(296, 'connectez-vous à votre compte', 'fr', 148),
(297, 'please login to your account', 'en', 148),
(298, 'miniature', 'fr', 149),
(299, 'thumbnail', 'en', 149),
(300, 'attention, votre IP sera bloquée après trop de tentatives infructueuses', 'fr', 150),
(301, 'be careful, your IP will be blocked after too much unsuccessful attempts', 'en', 150),
(302, 'nous effectuons en ce moment des opérations de maintenance, le site sera de retour dans peu de temps', 'fr', 151),
(303, 'we are currently performing scheduled maintenance we should be back online shortly', 'en', 151),
(304, 'en maintenance', 'fr', 152),
(305, 'under maintenance', 'en', 152),
(306, 'en maintenance', 'fr', 152),
(307, 'under maintenance', 'en', 152),
(308, 'il y a des erreurs dans le formulaire', 'fr', 153),
(309, 'there are some errors in the form', 'en', 153),
(310, 'il y a eu une erreur lors de la génération de vignettes , merci d''essayer avec un autre format de fichier', 'fr', 154),
(311, 'there was an error during the thumbnail generation, please try with another file format', 'en', 154),
(312, 'gestionnaire de fichiers', 'fr', 155),
(313, 'file manager', 'en', 155),
(314, 'créer un groupe', 'fr', 156),
(315, 'create group', 'en', 156),
(316, 'éditer un groupe', 'fr', 157),
(317, 'edit group', 'en', 157),
(318, 'onglet fichier', 'fr', 158),
(319, 'file tab', 'en', 158),
(320, 'onglet gallerie', 'fr', 159),
(321, 'gallery tab', 'en', 159),
(322, 'haut', 'fr', 160),
(323, 'top', 'en', 160),
(324, 'bas', 'fr', 161),
(325, 'bottom', 'en', 161),
(326, 'gauche', 'fr', 162),
(327, 'left', 'en', 162),
(328, 'droite', 'fr', 163),
(329, 'right', 'en', 163),
(330, 'connectez-vous à votre compte', 'fr', 164),
(331, 'sign in to your account', 'en', 164),
(332, 'inclure', 'fr', 165),
(333, 'include', 'en', 165),
(334, 'votre session a expiré, veuillez vous reconnecter', 'fr', 166),
(335, 'your session has expired please login again', 'en', 166),
(336, 'expiration de la session', 'fr', 167),
(337, 'session expiration', 'en', 167),
(338, 'votre session expirera dans 2 minutes. Cliquez sur le bouton pour rester connecté. Si vous êtes déconnecté vos modifications seront perdues', 'fr', 168),
(339, 'your session will expire in 2 minutes. Click on the button to remain logged in. If you are logged off any changes will be lost', 'en', 168),
(340, 'rester connecté', 'fr', 169),
(341, 'stay connected', 'en', 169),
(342, 'général', 'fr', 170),
(343, 'general', 'en', 170),
(344, 'accès refusé', 'fr', 171),
(345, 'access denied', 'en', 171),
(346, 'accès refusé', 'fr', 172),
(347, 'access denied', 'en', 172),
(348, 'vous n''êtes pas autorisé à accéder à cette ressource', 'fr', 173),
(349, 'you are not allowed to access this resource', 'en', 173),
(350, 'vous ne pouvez pas éditer un utilisateur superadmin', 'fr', 174),
(351, 'you are not allowed to edit a superadmin', 'en', 174),
(352, 'retour', 'fr', 175),
(353, 'back', 'en', 175),
(354, 'Les blocs sont des zones de contenu utilisées dans plusieurs pages (comme le pied de page ou une barre latérale). Lorsque vous faites un changement sur ​​un bloc , vous verrez la répercussion sur toutes les pages qui utilisent ce bloc .', 'fr', 176),
(355, 'blocks are areas of content used in multiple pages (like the footer or a sidebar). When you make a change on a block, you will see the repercussion on all page that use this block.', 'en', 176),
(356, 'homme', 'fr', 177),
(357, 'male', 'en', 177),
(358, 'femme', 'fr', 178),
(359, 'female', 'en', 178),
(360, 'divers', 'fr', 179),
(361, 'miscellaneous', 'en', 179),
(362, 'sécurité', 'fr', 180),
(363, 'security', 'en', 180),
(364, 'adresse', 'fr', 181),
(365, 'address', 'en', 181),
(366, 'commentaire', 'fr', 182),
(367, 'comment', 'en', 182),
(368, 'page de login', 'fr', 183),
(369, 'login page', 'en', 183),
(370, 'une erreur s''est produite', 'fr', 184),
(371, 'an error occured', 'en', 184),
(372, 'type de fichier non autorisé', 'fr', 185),
(373, 'unallowed file type', 'en', 185),
(374, 'fichier vide', 'fr', 186),
(375, 'empty file', 'en', 186);

INSERT INTO `role` (`id`, `description`, `name`, `section`, `superAdmin`) VALUES
(1, NULL, 'ROLE_MEMBER', 'general', 0),
(2, NULL, 'ROLE_ADMIN', 'general', 0),
(3, NULL, 'ROLE_ADMIN_SEO', 'private', 1),
(4, NULL, 'ROLE_SUPER_ADMIN', 'private', 1),
(5, NULL, 'ROLE_ADMIN_CMS', 'general', 0),
(6, NULL, 'ROLE_ADMIN_FILE', 'general', 0),
(7, NULL, 'ROLE_ADMIN_FILE_DELETE', 'general', 0),
(8, NULL, 'ROLE_ADMIN_CMS_DELETE', 'general', 0),
(9, NULL, 'ROLE_ADMIN_WEBCONTENT', 'general', 0),
(10, NULL, 'ROLE_ADMIN_WEBCONTENT_DELETE', 'general', 0),
(11, NULL, 'ROLE_ADMIN_USER', 'general', 0),
(12, NULL, 'ROLE_ADMIN_USER_DELETE', 'general', 0),
(13, NULL, 'ROLE_ADMIN_BLOCK', 'general', 0),
(14, NULL, 'ROLE_ADMIN_BLOCK_DELETE', 'private', 1),
(15, NULL, 'ROLE_ADMIN_GROUP', 'general', 0),
(16, NULL, 'ROLE_ADMIN_GROUP_DELETE', 'private', 1),
(17, NULL, 'ROLE_ADMIN_FILE_MANAGER', 'general', 0);

INSERT INTO `userGroup` (`id`, `name`, `description`, `deletable` ) VALUES
(1, 'GROUP_MEMBER', '', 0),
(2, 'GROUP_ADMIN', '', 0),
(3, 'GROUP_SUPER_ADMIN', '', 0);

INSERT INTO `group_role` (`userGroup_id`, `role_id`) VALUES
(1, 1),
(2, 1),
(2, 2),
(2, 5),
(2, 6),
(2, 7),
(2, 8),
(2, 13),
(2, 14),
(2, 17);

INSERT INTO `content_type` (`name`) VALUES
('PAGE'),
('WEBCONTENT'),
('NEWS'),
('EVENT'),
('ARTICLE');

INSERT INTO `block_type` (`name`) VALUES
('CONTENT'),
('PAGE_TEMPLATE'),
('SYSTEM'),
('FIELDSET');

INSERT INTO `block` (`name`, `content`, `deletable`, `displayName`, `dynamic`, `enabled`, `blockType_name`, `language_locale`) VALUES
('FIELD_DATEPICKER', '', 0, 'block for field datepicker',1, 1, 'FIELDSET', NULL),
('FIELD_TEXT', '', 0, 'block for field simple text', 1, 1, 'FIELDSET', NULL),
('FIELD_TEXTAREA', '', 0, 'block for field simple textarea', 1, 1, 'FIELDSET', NULL),
('FIELD_TINYMCE', '', 0, 'block for field tinymce', 1, 1, 'FIELDSET', NULL),
('TEMPLATE_BASIC_PAGE', '', 0, 'Basic Page', 1, 1, 'PAGE_TEMPLATE', NULL),
('TEMPLATE_WEBCONTENT', '', 0, 'Web content', 1, 1, 'PAGE_TEMPLATE', NULL);

INSERT INTO `fieldset` (`id`, `array`, `deletable`, `description`, `name`, `blockEntity_name`) VALUES
(1, 0, 1, 'TinyMCE', 'tinymce', 'FIELD_TINYMCE'),
(2, 1, 1, 'Date picker', 'date picker', 'FIELD_DATEPICKER'),
(3, 0, 1, 'Simple text', 'simple text', 'FIELD_TEXT'),
(4, 0, 1, 'Textarea', 'simple textarea', 'FIELD_TEXTAREA');

INSERT INTO `content_template` (`id`, `active`, `deletable`,`includeTop`, `includeBottom`, `description`, `name`, `block_name`, `contentType_name`, `useFiles`, `useGallery`) VALUES
(1, 1, 0, NULL, NULL, NULL, 'Basic page', 'TEMPLATE_BASIC_PAGE', 'PAGE', 1, 1),
(2, 1, 0, NULL, NULL, NULL, 'Webcontent', 'TEMPLATE_WEBCONTENT', 'PAGE', 1, 1),
(3, 1, 0, NULL, NULL, NULL, 'Folder', NULL, 'PAGE', 0, 0),
(4, 1, 0, NULL, NULL, NULL, 'Link', NULL, 'PAGE', 0 , 0);

INSERT INTO `content_template_fieldset` (`id`, `array`, `name`, `namespace`, `position`, `page_template_id`, `fieldset_id`) VALUES
(1, 0, 'editor', '', 0, 1, 1),
(2, 0, 'editor', '', 1, 2, 1),
(3, 0, 'url', '', 0, 4, 3);

INSERT INTO `input_definition` (`id`, `name`, `sort`, `type`, `validation`, `fieldset_id`) VALUES
(1, 'editor', 1, 'string', NULL, 1),
(2, 'date', 1, 'date', NULL, 2),
(3, 'text', 1, 'string', NULL, 3),
(4, 'textarea', 1, 'string', NULL, 4);

INSERT INTO `input_data` (`id`, `defaultValue`, `hint`, `title`, `validation`, `contentTemplateFieldsetEntity_id`, `fieldset_id`, `inputDefinition_id`) VALUES
(1, '', '', 'main editor', '', 1, 1, 1),
(2, '', '', 'editor', '', 2, 1, 1),
(3, '', '', 'URL', '', 3, 3, 3);

INSERT INTO `taxonomy_type` (`name`) VALUES
('TAG'),
('CATEGORY'),
('TYPE');